[
    {
        "name": "15000",
        "label": "15000",
        "hex": "15000"
    },
    {
        "name": "20000",
        "label": "20000",
        "hex": "20000"
    },
    {
        "name": "25000",
        "label": "25000 - Default",
        "hex": "25000"
    },
    {
        "name": "30000",
        "label": "30000",
        "hex": "30000"
    },
    {
        "name": "35000",
        "label": "35000",
        "hex": "35000"
    },
    {
        "name": "40000",
        "label": "40000",
        "hex": "40000"
    }
]