[
    {
        "name": "50",
        "label": "50 - Default",
        "hex": "50"
    },
    {
        "name": "55",
        "label": "55",
        "hex": "55"
    },
    {
        "name": "60",
        "label": "60",
        "hex": "60"
    },
    {
        "name": "65",
        "label": "65",
        "hex": "65"
    },
    {
        "name": "70",
        "label": "70",
        "hex": "70"
    },
    {
        "name": "75",
        "label": "75",
        "hex": "75"
    },
    {
        "name": "80",
        "label": "80",
        "hex": "80"
    },
    {
        "name": "85",
        "label": "85",
        "hex": "85"
    },
    {
        "name": "90",
        "label": "90",
        "hex": "90"
    },
    {
        "name": "100",
        "label": "100",
        "hex": "100"
    }
]
