[
    {
        "name": "30",
        "label": "30",
        "hex": "30"
    },
    {
        "name": "35",
        "label": "35",
        "hex": "35"
    },
    {
        "name": "40",
        "label": "40",
        "hex": "40"
    },
    {
        "name": "45",
        "label": "45",
        "hex": "45"
    },
    {
        "name": "50",
        "label": "50",
        "hex": "50"
    },
    {
        "name": "55",
        "label": "55",
        "hex": "55"
    },
    {
        "name": "60",
        "label": "60",
        "hex": "60"
    }
]